title,0
Article 1 -- No Title,13372
Birth Notice 1 -- No Title,12239
Article 2 -- No Title,12043
Marriage Announcement 1 -- No Title,11407
Article 3 -- No Title,11302
Article 4 -- No Title,10429
Article 5 -- No Title,9376
Front Page 1 -- No Title,8913
Article 6 -- No Title,8479
Obituary 1 -- No Title,8192
MUSIC NOTES,7539
Article 7 -- No Title,7523
NAVAL STORES,7504
Sports Today,6798
Article 8 -- No Title,6604
&#160,6376
BUSINESS RECORDS,5961
Article 9 -- No Title,5805
Front Page 2 -- No Title,5284
ARRIVAL OF BUYERS,5254
Article 10 -- No Title,4942
&#8220,4830
SHIPPING AND MAILS,4764
Annual meeting,4522
Death Obituary 1 -- No Title,4515
Marriage Announcement 2 -- No Title,4232
Article 11 -- No Title,4231
Election,4170
LIVESTOCK IN CHICAGO,4150
The Proceedings In the U.N.,4102
Obituary 2 -- No Title,4001
FINANCIAL NOTES.,3785
Article 12 -- No Title,3535
Obituary 3 -- No Title,3353
MANHATTAN TRANSFERS,3344
Front Page 3 -- No Title,3266
REAL ESTATE NOTES,3236
Events Today,3197
THEATRICAL NOTES.,3014
Obituary 4 -- No Title,2981
Death,2926
Obituary 5 -- No Title,2858
Article 13 -- No Title,2846
Naval Orders.,2770
Obituary 6 -- No Title,2743
TRANSFERS IN THE BRONX,2742
Meeting,2734
Books Published Today,2731
SHIPPING--MAILS,2730
Army Orders and Assignments.,2715
election,2509
THE TREASURY STATEMENT.,2465
The Proceedings In Washington,2418
Marriage Announcement 3 -- No Title,2416
Article 14 -- No Title,2384
Death Obituary 2 -- No Title,2370
BUILDING PLANS FILED,2346
NEW INCORPORATIONS,2342
MUSIC NOTES.,2299
Summary of the Day,2259
BUSINESS NOTES.,2245
Obituary 7 -- No Title,2244
Of Local Origin,2234
BUSINESS NOTES,2200
Editorial Cartoon 1 -- No Title,2139
The Proceedings In the U. N.,2116
Conv,2091
TREASURY STATEMENT,2083
"Arts, Briefly column",2024
REALTY FINANCING,1990
Topics of The Times,1971
Movements of Naval Vessels.,1971
Treasury Statement,1959
Books--Authors,1948
Article 15 -- No Title,1930
Dividends Announced,1914
Biog,1897
Front Page 4 -- No Title,1880
FINANCIAL NOTES,1878
Int,1877
BUSINESS LEASES,1849
ed Topics of The Times,1845
APARTMENT RENTALS,1837
Previous   Year Key Rates,1831
Money,1822
News Summary and Index,1819
BRONX MORTGAGES FILED,1811
THE DAY IN WASHINGTON,1800
ON TELEVISION,1701
Lottery Numbers. Lottery Numbers,1699
LIVE STOCK AND MEATS.,1695
DIVIDENDS ANNOUNCED,1677
Obituary 8 -- No Title,1675
REAL ESTATE NOTES.,1662
Formed,1580
MONEY,1560
Article 16 -- No Title,1552
comment,1542
Police Department.,1540
Editorial Cartoon 2 -- No Title,1535
Books Today,1527
BUSINESS LEASES.,1498
MONEY.,1490
Radio,1469
MANHATTAN MORTGAGES,1430
BUSINESS WORLD,1411
Marriage Announcement 4 -- No Title,1397
Death Obituary 3 -- No Title,1393
Washington Proceedings,1375
SILVER BULLION.,1361
Ocean Travelers,1351
Sports transactions TRANSACTIONS,1344
Marine Corps Orders.,1341
Commencement,1335
The Civil Service.,1332
CITY BREVITIES.,1331
TOPICS OF THE TIMES.,1313
REALTY FINANCING.,1311
FOREIGN STOCK MARKETS.,1297
Reserve Corps Orders.,1287
Today on the Radio,1269
Article 17 -- No Title,1252
Notes of Social Activities in New York and Elsewhere,1239
A Correction,1232
session,1230
Fire Department.,1217
Major League Baseball,1210
Television,1205
BASEBALL Sports Today,1202
CORPORATE CHANGES,1198
Japanese,1193
Career,1182
commencement,1172
Fire Record,1160
Notes,1156
TODAY ON THE RADIO,1150
hearing,1147
St. Louis,1133
British,1126
APARTMENT LEASES.,1111
Author's Query,1105
Boston,1104
CHAIN STORE SALES,1102
Editorial Cartoon 3 -- No Title,1086
San Francisco,1085
Richmond,1076
SOCIAL NOTES,1067
Fire Records,1055
Death Obituary 4 -- No Title,1044
World News Summarized,1036
Tide Table for Waters Adjacent to New York,1033
Naval Orders,1032
Dallas,1029
Minneapolis,1025
Obituary 9 -- No Title,1022
annual meeting,1017
College and School Results,1011
National Guard Orders,1011
Atlanta,1008
TOPICS IN WALL STREET.,1007
Front Page 5 -- No Title,1003
DIVIDEND MEETINGS TODAY,998
In Memoriam,997
Cleveland,997
Article 18 -- No Title,996
BASKETBALL Sports Today,995
Sports of the Times,994
DIVIDEND NEWS,988
EXECUTIVE CHANGES,986
Kansas City,986
Corrections Corrections,974
LIVE STOCK AT CHICAGO.,968
UTILITY REPORTS,960
LIVE STOCK IN CHICAGO.,944
Deaths,938
biog,935
Police Department,934
North Korean,922
PUBLIC AUTHORITY BONDS,918
United States Supreme Court,915
OTHER COMPANY REPORTS,913
COMMODITY PRICES.,905
Army Orders and Assignments,904
ON RADIO,896
SCREEN NOTES.,895
GRAIN TRADING IN CHICAGO,883
Meets,882
Philadelphia,876
PICTURE CREDITS,857
Italian,857
Finnish,853
Chicago,850
"SUGAR, COFFEE, COCOA.",847
RAILWAY EARNINGS,840
Cabaret Tonight,837
Marriage Announcement 5 -- No Title,835
Offerings and Yields Of Municipal Bonds,827
DIVIDENDS DECLARED.,821
MANHATTAN MORTGAGES.,815
TREND OF STOCK PRICES.,811
"function pop_me_up(pURL, features){new_window = window.open(pURL, ""popup_window"", features)",811
BANK NOTES,805
RADIO,803
correction,795
Article 19 -- No Title,791
Aqueduct Entries,784
Minor Leagues,778
meeting,777
AUCTION RESULTS.,775
FREE CURRENCY RATES,774
SHIPPING MAILS,772
Paperback books of particular interest. Paperback Row,772
Reserve Corps Orders,772
Death Obituary 5 -- No Title,765
TELEVISION,760
Divd DIVIDEND NEWS,756
PRODUCE MARKETS,751
BOOK NOTES,747
Major League Leaders,744
MUNICIPAL LOANS,741
Editorial Cartoon 4 -- No Title,740
Morning Television,734
COMPANY MEETINGS TODAY.,732
State Guard Orders,732
Visible Satellites,728
LOCALLY DRESSED MEATS,723
United States,722
Business World,722
Roosevelt Raceway Entries,712
RADIO TODAY,707
BRONX TRANSFERS,705
TRANSFERS RECORDED.,697
Queries and Answers,690
Correction,687
Fire Department,681
ON THE RADIO,675
Births,675
Por,675
Letters,669
Personal Notes,665
Business Records,664
A collection of links from the reporters and editors of the Dining section. What We’re Reading,663
Books and Authors,655
For Service Men and Women,653
Sports of The Times,652
WASHINGTON&#8212,649
Yonkers Raceway Entries,646
Article 20 -- No Title,636
Today&#8212,628
National Hockey League,623
MONEY AND CREDIT,623
PRODUCE MARKETS.,619
Radio-TV Notes,618
conv,616
Movements of Naval Vessels,616
DAIRY PRODUCTS,613
Recently reviewed books of particular interest. Editors’ Choice,611
COMMODITY PRICES,608
Annual rept,605
Birth Notice 2 -- No Title,604
FUTURE CONTRACTS,598
Highlights from the DealBook newsletter. Morning Take-Out,597
Monologue &#124,595
United Nations,592
Proceedings in the U.N.,592
The Proceedings In Albany,589
conf,586
ACROSS CROSSWORD PUZZLE,585
Principal Assets and Liabilities of Member Banks,583
STOCK EXCHANGE NOTES,580
Feature article,578
Corrections: For the Record Corrections: For the Record,575
opens,570
Marriage Announcement 6 -- No Title,562
Books -- Authors,557
BONDS AND SHARES ON LONDON MARKET,556
A O McCormick comment Abroad,554
MANHATTAN TRANSFERS.,553
Editorial Cartoon 5 -- No Title,553
COMMODITY CASH PRICES,552
Obituary 10 -- No Title,550
EARNINGS.,549
BUILDING PLANS FILED.,547
Death Obituary 6 -- No Title,541
Commencement plans,537
COMPANY MEETINGS TODAY,536
National Guard Orders.,536
BANKRUPTCY PROCEEDINGS Business Records,535
Open Interest Report,534
Roundup of recent advertising account changes (S) Accounts,531
EVENTS TODAY,531
SUBURBAN HOMES RENTED,531
TRANSFERS IN THE BRONX.,526
TRAFFIC ACCIDENTS RISE,524
Customs-Patent Appeals Court,522
Dies,522
The Proceedings in Washington,521
Major Bills in Congress,521
DECLARED DIVIDENDS.,518
Letter to the Editor 1 -- No Title,518
DIVIDENDS DECLARED,512
1 game,507
THE BUSINESS WORLD,507
NAVAL STORES.,506
COMMODITY INDEX UP,506
Article 21 -- No Title,506
National Basketball Ass'n,504
Open Interest,503
GENEVA QUOTATIONS.,503
OCEAN TRAVEL.,498
OTHER CORPORATE REPORTS,497
"Lottery numbers for New York, New Jersey and Connecticut. Lottery Numbers",497
Article 1 ‐‐ No Title,496
BRONX MORTGAGES FILED.,493
Front Page 6 -- No Title,487
MANHATTAN AUCTIONS,486
A Krock comment In The Nation,484
"The value of the dollar on the local foreign exchange market, based on quotations for the French franc on the days indicated, compares as follows. Quotations are in cents:   FOREIGN EXCHANGE",476
Article 3 ‐‐ No Title,470
AUCTION SALES,468
Dividend Meetings,464
Article 2 ‐‐ No Title,463
Ill,463
OTHER UTILITY REPORTS,456
BUYERS IN TOWN,454
Slain,452
Marriage Announcement 7 -- No Title,451
ed TOPICS OF THE TIMES.,451
strike ends,449
EASTERN HOCKEY LEAGUE,449
BRONX BUILDING PLANS.,446
AMERICAN HOCKEY LEAGUE,444
Incoming Shipping/Mails,441
career,439
Vietnam Casualties,439
Today's Probable Pitchers,435
"STOCKS IN LONDON, PARIS AND BERLIN",434
Coast Guard Orders.,434
Bond issue awarded MUNICIPAL LOANS.,432
Editorial Cartoon 6 -- No Title,431
Aqueduct Race Chart,428
Annual dinner,424
Music Radio,423
Ships That Arrived Yesterday,422
Shipping/Mails,421
Article 22 -- No Title,417
Fashion show,415
WESTCHESTER ITEMS.,412
Economic Indicators,412
Yankee Records,410
New Books,407
Readers sound off on the latest headlines. Letters to the Editor,404
Russian,402
CORPORATE CHANGES.,402
Incoming Passenger and Mail Ships,402
Ed TOPICS OF THE TIMES.,401
Here’s what you need to know at the end of the day. Your Evening Briefing,400
Dinner,400
London Wool Sales.,399
A Daley comment Sports of The Times,398
BONDS CALLED FOR REDEMPTION,396
Chinese,395
AUCTIONS IN THE BRONX,394
Article 4 ‐‐ No Title,393
Assets and Liabilities in Central Reserve Cities,391
THE OPENINGS,389
MUNICIPAL LOANS.,387
plans,387
The Civil Service,384
In percent CONSUMER RATES,380
Returns from Eur,379
Theater Tonight,379
WASHINGTON &#8212,377
United States Supreme Court.,375
FINANCIAL MARKETS,375
SECURITIES AT AUCTION.,374
News Summary,373
Outgoing Shipping/Mails,373
MANHATTAN PLANS FILED.,372
Luncheon,371
LIVERPOOL'S COTTON WEEK.,370
Around the Nation,369
Convention,369
Arrives in U S,367
The Region,363
Editorial Cartoon 7 -- No Title,361
Social Activities in New York and Elsewhere,361
LIVERPOOL'S COTTON WEEK,360
Satellite Photograph,360
resolutions,360
RAILROAD EARNINGS.,360
Krock comment In The Nation,358
METAL MARKET REPORT.,355
FRONT PAGE. Corrections,354
PROVISIONS IN CHICAGO.,354
Arts Briefing column,353
Marriages,352
Article 23 -- No Title,352
LATEST RECORDED LEASES.,351
Executive Changes,351
biog sketch,349
Pollen Count,348
Weather in Cotton and Grain States.,346
British Football Results,344
The Proceedings in the U. N.,344
International Loans Listed for Week,342
Public Lives column,341
LEAD:  Debt FINANCE BRIEFS,340
Latest Books,338
death Obituary 1 -- No Title,338
NEW YORK (AP) &#8212,338
Editorial Article 1 -- No Title,337
Aqueduct Jockey Standing,336
AMSTERDAM MARKET,335
Listing of Day's Price Movements in Commodity Futures Contracts,335
arrives,332
NEW INCORPORATIONS.,330
AROUND THE GARDEN,330
FOREIGN EXCHANGE,330
death,330
COMMODITY INDEX OFF,329
Marriage Announcement 8 -- No Title,328
Commercial Leases.,326
annual rept,326
PAPERBOARD OUTPUT UP,325
RADIO CONCERTS,321
Engagements,320
Roosevelt Raceway Results,318
Theater Events Today,318
funeral,316
Notes on People,315
BRONX PROPERTIES SOLD,315
Entertainment Events,315
The City,314
Death Obituary 7 -- No Title,314
FEDERAL RESERVE BANK STATEMENT,313
Meetings for Dividends Listed for This Week,313
BUSINESS Digest,312
COMMERCIAL PAPER.,312
Wills for Probate,311
Accounts,311
UTILITY EARNINGS,310
Article 5 ‐‐ No Title,310
ODD-LOT TRADING HERE,309
CONTRACT AWARDS,309
Obituary 11 -- No Title,309
UTILITY EARNINGS.,308
Elections,308
Article 24 -- No Title,306
"Yesterday's communique, as broadcast from Moscow to the Soviet Union and reported by the Federal Communications Commission:   Russian",305
In percent                                               Previous      Year                               Yesterday       Day       Ago    Key Rates,305
The Cast,304
STOCK MARKET LEADERS,303
BOXING BOUTS TONIGHT.,303
STOCK MARKET INDICES.,302
Music Events Today,301
The International Situation,301
Curves and Bingles,301
Treasure Chest,300
QUEENS REALTY SALES.,300
WESTCHESTER DEALS.,299
dinner,299
Books Authors,298
Ships That Departed Yesterday,298
Outgoing Passenger and Mail Ships,297
BROOKLYN TRADING.,297
RESULTS AT AUCTION.,296
SALES IN NEW JERSEY.,296
Editorial Cartoon 8 -- No Title,295
Ad plans Advertising News and Notes,295
BRITISH CIRCULATION UP,294
Marriage Announcement 9 -- No Title,294
Described,293
Por PROGRAMS OF THE WEEK,293
NEWS OF MARKETS IN EUROPEAN CITIES,293
DEALS IN NEW JERSEY.,292
BUSINESS RECORDS.,292
French,291
Summaries of the Races,290
To the Editor: Letters to the Editor,290
Estates Appraised,290
Letters to The Times,289
DEALS IN WESTCHESTER,289
Conf,288
TROTH ANNOUNCED,287
COMMODITIES STEADY,287
TRAFFIC ACCIDENTS DROP,287
MONTREAL SILVER,286
TODAY'S PROBABLE PITCHERS,285
World News Briefs,284
Roosevelt Driver Standing,284
BASEBALL Pro Transactions,283
LETTERS TO THE EDITOR,282
Unveilings,282
LEAD:  Debt BRIEFS,282
The following information about today's television programs was not available in time to appear in Section 2: Late TV Listings,281
Biog sketch,279
In millions of barrels except refinery utilization U.S. Petroleum Data,278
Mets' Records,277
Monmouth Park Entries,276
Letter to the Editor 2 -- No Title,274
rev,268
JAZZ. Jazz Listings,268
Realty Notes.,266
SHIPPING AND MAILS(2),266
TOPICS IN WALL STREET,266
The winning New Jersey daily lottery number yesterday was: Article 1 ‐‐ No Title,265
Cotton Market,265
OTHER DIVIDEND NEWS,264
Market Averages,264
Article 6 ‐‐ No Title,263
Editorial Cartoon 9 -- No Title,263
illus,263
Reports on Ski Conditions,262
Minor League Baseball,262
NEW YORK. Metro Briefing,262
Foreign Exchange Rates,262
SALES IN WESTCHESTER,261
Catch up on the day’s top stories. Your Evening Briefing,261
,261
AIR MAIL INFORMATION,261
Article 25 -- No Title,260
SHIPPING-MAILS,260
The following tax-exempt fixed-income issues are scheduled for pricing this week. Treasury Auctions Set for This Week,259
FOREIGN EXCHANGE RATES,257
Air Pollution Index,255
elections,255
Dinner Menu For Tonight,254
LONDON METAL MARKET,253
RAILWAY STATEMENTS,253
The U.N. Today,253
ANSWERS TO QUESTIONS ON PAGE 2,252
FOR CHILDREN. Spare Times: For Children,252
conf ends,252
Yonkers Raceway Results,252
United States Court of Claims,251
RECORD OF TRANSACTIONS.,251
FEDERAL OBLIGATIONS,250
Marriage Announcement 10 -- No Title,249
"Our quirky, discerning picks for the most interesting things to do around the state this week. GTT ★",248
Anniversaries,248
Opens,247
6&#8208,246
German,245
Divds DIVIDEND NEWS,245
COTTONSEED OIL.,244
CLASSICAL. Classical Music/Opera Listings,244
Article 26 -- No Title,243
U.N. Proceedings,243
DEALS IN NEW JERSEY,242
Commodity Cash Prices,242
Corrections,241
Movements of the Day,241
sworn in,240
WEST. National Briefing,240
Divd DIVIDEND NEWS.,239
British Cricket Scores,236
Rumanian,235
Live Stock Markets at Chicago.,233
MEETINGS ANNOUNCED.,233
RECORD OF TRANSACTIONS,233
Article 7 ‐‐ No Title,231
Editorial Cartoon 10 -- No Title,230
Dividends,230
Current Issues and Yields In Municipal Bond Market,230
"Closing quotations for Government, municipal and miscellaneous bonds issued in this country and in American currency values in which there were no transactions:   BID AND ASKED QUOTATIONS",229
Charts of Races at Aqueduct,227
Front Page 7 -- No Title,227
Prices on the American Stock Exchange and in the over&#8208,227
ed,227
funeral plans,226
N.Y. CLEARING HOUSE STATEMENT,225
int,224
BOND OFFERINGS OF THE WEEK,224
Wkly statements BRITISH CIRCULATION UP,224
BOND FLOTATION.,224
Estates Appraised.,223
Table for High Tide for Waters Adjacent to New York,223
BUSINESS PEOPLE,223
The Teaching Staff.,222
trial,222
COMPANY NEWS,221
POP. Pop and Rock Listings,220
THE FAIR TODAY,219
Selective listings from dance critics of The New York Times. Dance Listings,219
AROUND TOWN. Spare Times,219
Special to THE NEW YORK TIMES.,219
The winning New Jersey daily lottery number yesterday was: Article 2 ‐‐ No Title,219
RESERVE BANK POSITION.,218
Federal Reserve System Statistics,218
U.N. PROGRAM FOR TODAY,217
Plans,217
Death Obituary 8 -- No Title,217
Memorial Services,216
TO BE CONTINUED,216
BELMONT PARK CHART,216
Museums/Institutions. Art Listings,216
Marriage Announcement 11 -- No Title,215
COTTON GOODS PRICES,215
Visible Satellite,214
British Soccer Standings,214
COMPANY BRIEFS,213
BRONX AUCTION RESULTS,213
Today's corrections from The New York Times. Corrections,213
wk's events LIBRARIES SCHEDULE EVENTS OF THE WEEK,212
The Summaries,212
Article 27 -- No Title,212
New York,212
Today's Radio Program,211
LEASEHOLD DEALS.,211
"In Our Pages: 100, 75, & 50 years ago",209
Latest Books Received,209
ARRIVAL OF BUYERS IN NEW YORK,209
Delaware Charters.,208
A High Command communique broadcast from Berlin and recorded here by The Associated Press:   German,208
Campaign Report,208
At the Movies column,207
DIVIDENDS PAYABLE TODAY.,207
text,207
On Stage and Off column,206
Inside Art column,206
Divd DIVIDENDS ANNOUNCED.,205
Coast Guard Orders,204
Red Cross Blood Bank,204
Outgoing Freighters,204
Proceedings in the U. N.,204
Other Books of the Week,204
RAILROAD EARNINGS,204
"Paperboard Assn, output and orders, wkly",202
Boldface Names column,202
Art Brevities.,201
Deaths Deaths,201
The Proceedings in Albany,201
Letter to the Editor 3 -- No Title,200
RESERVE BANK POSITION,200
Fashion Events,200
results,199
LEAD:  BASEBALL Transactions,199
GOING OUT Guide,199
SOCIAL NOTES.,198
BOND AVERAGES,198
"Yesterday's closing wholesale cash prices for commodities in the New York market, unless otherwise noted, were:   COMMODITY PRICES.",198
In the U.N. Yesterday,197
Approximate running times are given at end of Broadway and Off Broadway listings. Theater Listings,197
Article 8 ‐‐ No Title,197
An Acknowledgment.,196
Summary of the Week In Financial Markets,195
LEASEHOLDS LISTED.,195
Stockholders meeting,195
Resigns,193
Letters to the Editor,193
For Homemakers,192
Marriage Announcement 12 -- No Title,192
Selective listings from art critics of The New York Times. Museum and Gallery Listings,191
Marine Corps Orders,191
resident buying offices RESIDENT OFFICES REPORT ON TRADE,191
Special to The New York Times.,190
Editorial Cartoon 11 -- No Title,190
THE SCREEN CALENDAR,190
BOND FLOTATIONS.,190
People,189
eds Topics of The Times,189
"function pop_me_up(pURL, features) { new_window = window.open(pURL, ""popup_window"", features)",189
Recent commercial real estate transactions in New York City. Recent Commercial Real Estate Transactions,189
conf opens,189
Baseball    TRANSACTIONS,188
OBITUARY,188
Customs-Patent Court,187
Market Basket For Week-End,187
Footlights column,187
"A guide to cultural and recreational goings-on around the state this week. Items may be submitted by mail to On the Towns, Sunday New Jersey Section, The New York Times, 229 West 43d Street, New York, N.Y. 10036",187
Article 28 -- No Title,185
Returns to U S,185
STOCK EXCHANGE NEWS.,184
&#169,184
GENERAL New Books,183
A guide to cultural and recreational events in the Hudson Valley. Events in Westchester,183
RAW SILK MARKETS.,183
International News Summary and Index,183
World Gold,182
U.S. SUPREME COURT.,181
A guide to cultural and recreational events in Connecticut. Events in Connecticut,181
GENERAL ASSEMBLY The Proceedings In the U.N. Today,180
Recent commercial real estate transactions in New York. Recent Commercial Real Estate Transactions,178
FIRST&#8212,178
FEDERAL RESERVE BANK STATEMENTS,178
A guide to cultural and recreational events in New Jersey. Events in New Jersey,178
U.S. Government and Agency Bonds,177
SOUTHERN DISTRICT Business Records,177
Theatre Tonight,177
A guide to cultural and recreational events on Long Island. Events on Long Island,176
FUND REPORTS,176
STOCK MARKET INDICES,176
UTILITY REPORT,176
Marriage Announcement 13 -- No Title,175
Movements of the Day In New York Markets,175
WEEK'S MONEY MARKET,175
RECORDED MORTGAGES.,175
Retail Store Sales,174
A collection of links by the reporters and editors of the Dining section. What We’re Reading,174
Recital MUSIC,174
Advertising News,173
ends,173
Jockey Standings,173
Article 29 -- No Title,173
ARRIVAL OF BUYERS.,171
"BLS price indexes, wkly",171
Webdenda. People and Accounts of Note,170
ANNALIST WEEKLY INDEX.,170
The Teaching Staff,170
Summary of the Week,169
NYC,169
&#8216,169
> Lottery Numbers,169
dies,169
PARIS&#8212,169
FICTION New Books,168
For Parents,168
International News Summary,168
EXHIBITION BASEBALL,168
Aqueduct Jockey Standings,168
FOREIGN EXCHANGE.,168
primary,168
Divd DIVIDENDS VOTED BY CORPORATIONS,168
Foreign Exchanges.,167
Drama Bookshelf,167
Q&A,167
COTTON GOODS PRICES.,166
7&#8208,166
AUTO RACING Sports Today,166
Manufacturing Stock Sales.,166
Recent Issues,165
A weekly comic strip featured in the Sunday Review. The Strip,165
Obituary 12 -- No Title,165
COMPANY REPORTS,165
London Wool Sales,164
Pickups and Putouts,164
Foreign Mutual Funds,163
JAMAICA RACING CHART,163
APARTMENT LEASES,163
COMMODITY INDEX RISES,163
Financial Times indexes Financial Times' Indices,162
SAILING TODAY Shipping/Mails,162
NEW YORK WEEKLY BANK STATEMENTS,162
Suicide,162
Front Page 1 ‐‐ No Title,162
Article 30 -- No Title,161
"arrives, NYC",161
POWER PRODUCTION UP,161
HIALEAH PARK CHART,160
In Washington Yesterday,160
Ten Outstanding Events This Week,159
SHORT TAKES,159
War News Summarized,159
The Foreign Service,159
CORRECTION,159
repts,159
TREASURY STATEMENT.,159
"Account assignments, executive appointments and miscellaneous news from advertising agencies. News From the Advertising Industry",159
Marriage Announcement 14 -- No Title,158
THE ECONOMY Data Bank,158
Wills for Probate.,158
Marine and Aviation Reports,158
luncheon,157
Today &#8212,156
"Arrives, N Y C",156
THIS WEEK'S PHOTOPLAYS,155
Summary of Principal Assets and Liabilities.,155
Millinery show,155
Exhibit A REVIEWER'S NOTEBOOK,155
Personnel,155
Quotation Marks,154
Opera. Music Listings,153
SOY BEANS IN CHICAGO,152
Net Income   Percent Profits Scoreboard,152
New books of note. Hardcover Highlights,152
Annual convention,152
Music Events Tonight,151
Article 9 ‐‐ No Title,151
Will,151
Article 31 -- No Title,151
"Information on sales in New York, New Jersey and Connecticut. Home Sales Around the New York Region",151
Video &#124,151
QUOTATION MARKS,150
BEST PROMOTIONS IN WEEK,150
Greek,150
"New editions, fine and otherwise New Editions, Fine & Otherwise",150
STOCK AVERAGE HIGHER.,150
Page CLASSIFIED ADVERTISING INDEX,150
Topics,149
FINANCE BRIEFS,149
Divd DIVIDENDS DECLARED,149
Fed Reserve Bd New York,149
BETROTHED,148
FORTHCOMING BOOKS,148
PHOTO-OP,148
concerts,148
THE GARDEN CALENDAR,148
Cargo Ships Due Today,147
Saratoga Entries,147
Dirs meeting,147
Missing,147
Statistical Summary,147
Technology Briefing Technology Briefing,146
hearings,146
Leading Batsmen,146
EXECUTIVE ELECTIONS,146
Provision Market at Chicago.,146
New York Times Neediest Cases Fund,146
Exhibit,145
Confirmations,145
NEW YORK GRAIN MARKETS.,145
INVESTMENT COMPANY,145
Fall River Cotton Stocks Quoted.,144
Food-related events around New York. Weekend Fare,144
AUCTION IN THE BRONX,144
strike continues,144
BANK DEPARTMENT SUMMARY.,144
SCREEN NOTES,144
described,143
STOCKS EX DIVIDEND TODAY.,143
Wkly statements BRITISH CIRCULATION OFF,143
Arrival of Buyers,143
At the Wheel AT THE WHEEL,143
Exhibition Baseball,142
NEW STOCK ISSUE.,142
lr Letters to The Times,142
Arrives in N Y,142
RAILWAY REPORTS,142
Buyers in Town,142
STOCK AVERAGE LOWER.,142
INVESTMENT TRUST,142
Current scene,141
Editorial Cartoon 12 -- No Title,141
TELEVISION PROGRAMS:,141
Int on career,141
MOVIES. Movie Guide and Film Series,141
Marriage Announcement 15 -- No Title,140
Robbed,140
Article 32 -- No Title,139
A BRIDE-TO-BE,139
Shot,139
Art Notes,139
Cash Prices,138
The Principal Assets and Liabilities Of Federal Reserve Member Banks,138
CONTRACT AWARD,137
Belmont Park Entries,137
"The approximate status of the municipal bond market is reflected in the following list of representative high-grade State, city and county bonds, legal for savings banks in New York State, now offered by dealers:   Offerings and Yields Of Municipal Bonds",137
Reports on Skiing Conditions,136
Divd DIVIDENDS ANNOUNCED,136
PROVISIONS IN CHICAGO,136
Editorial Cartoon 13 -- No Title,135
feature article,135
"An guide to cultural and recreational goings-on around the state this week. Items may be submitted by mail to On the Towns, Sunday New Jersey Section, The New York Times, 229 West 43d Street, New York, N.Y. 10036",134
army awards,134
Letter to the Editor 4 -- No Title,134
annual dinner,133
STATISTICAL SUMMARY,133
Store Sales Increase,132
Queens Borough Transactions.,132
Daily Clip Report is a collection of articles about the media and The Times that is emailed each day to senior executives and newsroom managers here. Daily Clip Report,131
"Int, NYC",131
The &#8220,131
Advertising,131
7:30&#8208,131
BOND NOTES,131
Here’s what you need to know to start your day. Your Friday Briefing,130
DRAMA BOOKSHELF,130
funeral plans Obituary 1 -- No Title,130
N Y C THE PLAY,130
The Proceedings in the U.N.,130
World Business Briefing World Business Briefing,130
THE TREASURY STATEMENT,129
condition,129
Major League Averages,129
Carol Vogel Inside Art column,129
Style show,129
in NYC,129
BOND NOTES.,128
bill signed,128
Here’s what you need to know to start your day. Your Tuesday Briefing,128
Figures of the Twelve Federal Reserve Districts,128
BRONX PLANS FILED.,128
ENTRIES Meadowlands,128
NEW YORK CLEARING HOUSE STATEMENT,128
BANK STATEMENT,128
United States Department of Agriculture Meat trade conditions and wholesale prices in New York City:   LOCALLY DRESSED MEATS,128
"An opinionated guide to cultural and recreational goings-on around the state this week. Items may be submitted by mail to On the Towns, Sunday New Jersey Section, The New York Times, 229 West 43d Street, New York, N.Y. 10036",128
Caught at the Plate.,128
&quot,128
BANKS AND TRUST COMPANIES,127
FEDERAL RESERVE STATEMENT.,127
concert,127
For Children,127
rev THE PLAY,127
The Water Situation,127
Sports News Briefs,127
INTERNATIONAL. Corrections,127
CHURCH SERVICES TOMORROW,127
IN OTHER DISTRICTS.,127
Article 10 ‐‐ No Title,127
Engagement Is Terminated,127
TV Review,127
CHAIN STORE SALES.,127
Here’s what you need to know to start your day. Your Wednesday Briefing,126
Advertising News and Notes,126
returns,126
Article 33 -- No Title,126
Here’s what you need to know to start your day. Your Thursday Briefing,126
College and School Scores,126
INDIANS.,126
Arrives in N Y C,125
Article 34 -- No Title,125
Card of Thanks,125
RETAIL FOOD PRICES,125
SENATORS.,124
MUNICIPAL LOAN.,124
NEW BUILDINGS.,124
lr,124
IN AND OUT OF BOOKS,124
Killed,124
Business Failures Decline,123
NEW YORK FEDERAL RESERVE BANK.,123
National Football League,123
MARKET AVERAGES,123
LEAD:  The Economy BUSINESS DIGEST,123
Sails for Eur,123
Article 35 -- No Title,123
SUBURBAN HOMES TAKEN.,123
Literary Notes News and Views of Literary London,122
COMMODITY INDEX DIPS,122
Chart of Yesterday's Races at Aqueduct,122
RUBBER.,122
"MARKETS IN LONDON, PARIS AND BERLIN",122
Article 36 -- No Title,122
The Day in Congress.,122
Today's Leading Events,121
AROUND THE WORLD,121
U.S. Supreme Court,121
Social Notes in New York and Elsewhere,120
Soccer Results,120
Por SIDELIGHTS OF THE WEEK,120
CORRECTIONS,120
TROPICAL PARK CHART,120
weds,120
MEETINGS ANNOUNCED,119
Films for Young,119
Corporate Sales and Earnings Reports,119
Home-Run Hitters,119
U.S. Court of Customs.,119
Marriage Announcement 16 -- No Title,119
Manhattan. Residential Sales,118
Aqueduct,118
Here’s what you need to know to start your day. Your Monday Briefing,117
The Nation,117
Your Jokes &#124,117
SUPPLEMENTARY BANK AND TRUST COMPANIES,117
History,117
FRONT PAGE Corrections,117
80th birthday,117
TIGERS.,117
meets,117
DRAMA MAILBAG,116
COMMODITY INDEX EASES,116
All Hours Given in Daylight Saving Time Shipping/Mails,116
The Bronx Market.,115
Selective listings from theater critics of The New York Times. Theater Listings,115
THE NATION,115
Who Makes Music and Where,115
BROWNS.,115
Meat trade conditions and wholesale prices in New York:   LOCALLY DRESSED MEATS.,114
50th anniv,114
GARDEN CALENDAR,114
A Listing of New Books,114
awards,114
List of Casualties,113
Article 37 -- No Title,113
Around the World,113
WHITE SOX.,113
sessions,113
IN THE CURRENT WEEK,112
"Arrives, NYC",112
Merchant Ships Sunk in War,112
NEW SECURITIES ON CURB.,112
Concerts MUSIC,111
English Cricket Results.,111
Editorial Cartoon 14 -- No Title,111
Organized,111
Overseas Port Arrivals,111
To retire,110
THE OPENING,110
Federal Reserve Bank Statements,110
CHANGES IN CORPORATIONS.,110
Addenda,110
OTHER MEETINGS,110
The World,110
Article 38 -- No Title,110
Television highlights. What’s on Monday,110
News Conference in Brief,109
Hearing,109
